 xxDELIMxx&#32;
!xxDELIMxx&#33;
"xxDELIMxx&#34;
#xxDELIMxx&#35;
$xxDELIMxx&#36;
%xxDELIMxx&#37;
&xxDELIMxx&#38;
'xxDELIMxx&#39;
(xxDELIMxx&#40;
)xxDELIMxx&#41;
*xxDELIMxx&#42;
+xxDELIMxx&#43;
,xxDELIMxx&#44;
-xxDELIMxx&#45;
.xxDELIMxx&#46;
/xxDELIMxx&#47;
0xxDELIMxx&#48;
1xxDELIMxx&#49;
2xxDELIMxx&#50;
3xxDELIMxx&#51;
4xxDELIMxx&#52;
5xxDELIMxx&#53;
6xxDELIMxx&#54;
7xxDELIMxx&#55;
8xxDELIMxx&#56;
9xxDELIMxx&#57;
:xxDELIMxx&#58;
;xxDELIMxx&#59;
<xxDELIMxx&#60;
=xxDELIMxx&#61;
>xxDELIMxx&#62;
?xxDELIMxx&#63;
@xxDELIMxx&#64;
AxxDELIMxx&#65;
BxxDELIMxx&#66;
CxxDELIMxx&#67;
DxxDELIMxx&#68;
ExxDELIMxx&#69;
FxxDELIMxx&#70;
GxxDELIMxx&#71;
HxxDELIMxx&#72;
IxxDELIMxx&#73;
JxxDELIMxx&#74;
KxxDELIMxx&#75;
LxxDELIMxx&#76;
MxxDELIMxx&#77;
NxxDELIMxx&#78;
OxxDELIMxx&#79;
PxxDELIMxx&#80;
QxxDELIMxx&#81;
RxxDELIMxx&#82;
SxxDELIMxx&#83;
TxxDELIMxx&#84;
UxxDELIMxx&#85;
VxxDELIMxx&#86;
WxxDELIMxx&#87;
XxxDELIMxx&#88;
YxxDELIMxx&#89;
ZxxDELIMxx&#90;
[xxDELIMxx&#91;
\xxDELIMxx&#92;
]xxDELIMxx&#93;
^xxDELIMxx&#94;
_xxDELIMxx&#95;
`xxDELIMxx&#96;
axxDELIMxx&#97;
bxxDELIMxx&#98;
cxxDELIMxx&#99;
dxxDELIMxx&#100;
exxDELIMxx&#101;
fxxDELIMxx&#102;
gxxDELIMxx&#103;
hxxDELIMxx&#104;
ixxDELIMxx&#105;
jxxDELIMxx&#106;
kxxDELIMxx&#107;
lxxDELIMxx&#108;
mxxDELIMxx&#109;
nxxDELIMxx&#110;
oxxDELIMxx&#111;
pxxDELIMxx&#112;
qxxDELIMxx&#113;
rxxDELIMxx&#114;
sxxDELIMxx&#115;
txxDELIMxx&#116;
uxxDELIMxx&#117;
vxxDELIMxx&#118;
wxxDELIMxx&#119;
xxxDELIMxx&#120;
yxxDELIMxx&#121;
zxxDELIMxx&#122;
{xxDELIMxx&#123;
|xxDELIMxx&#124;
}xxDELIMxx&#125;
~xxDELIMxx&#126;
DELxxDELIMxx&#127;
